-- MySQL dump 10.13  Distrib 8.0.36, for Win64 (x86_64)
--
-- Host: localhost    Database: dubbo_demo
-- ------------------------------------------------------
-- Server version	8.0.36

/*!40101 SET @OLD_CHARACTER_SET_CLIENT=@@CHARACTER_SET_CLIENT */;
/*!40101 SET @OLD_CHARACTER_SET_RESULTS=@@CHARACTER_SET_RESULTS */;
/*!40101 SET @OLD_COLLATION_CONNECTION=@@COLLATION_CONNECTION */;
/*!50503 SET NAMES utf8mb4 */;
/*!40103 SET @OLD_TIME_ZONE=@@TIME_ZONE */;
/*!40103 SET TIME_ZONE='+00:00' */;
/*!40014 SET @OLD_UNIQUE_CHECKS=@@UNIQUE_CHECKS, UNIQUE_CHECKS=0 */;
/*!40014 SET @OLD_FOREIGN_KEY_CHECKS=@@FOREIGN_KEY_CHECKS, FOREIGN_KEY_CHECKS=0 */;
/*!40101 SET @OLD_SQL_MODE=@@SQL_MODE, SQL_MODE='NO_AUTO_VALUE_ON_ZERO' */;
/*!40111 SET @OLD_SQL_NOTES=@@SQL_NOTES, SQL_NOTES=0 */;

--
-- Table structure for table `diet_record_foods`
--

DROP TABLE IF EXISTS `diet_record_foods`;
/*!40101 SET @saved_cs_client     = @@character_set_client */;
/*!50503 SET character_set_client = utf8mb4 */;
CREATE TABLE `diet_record_foods` (
  `id` bigint NOT NULL AUTO_INCREMENT,
  `diet_record_id` bigint NOT NULL COMMENT '关联饮食记录ID',
  `food_id` bigint NOT NULL COMMENT '食物ID',
  `food_name` varchar(50) NOT NULL COMMENT '食物名称',
  `amount` decimal(8,2) NOT NULL COMMENT '食物数量',
  `unit` varchar(20) NOT NULL COMMENT '计量单位',
  `calories` decimal(8,2) NOT NULL COMMENT '热量(千卡)',
  `protein` decimal(8,2) NOT NULL COMMENT '蛋白质(g)',
  `fat` decimal(8,2) NOT NULL COMMENT '脂肪(g)',
  `carbs` decimal(8,2) NOT NULL COMMENT '碳水化合物(g)',
  `grams` decimal(8,2) NOT NULL COMMENT '食物克数',
  `created_at` datetime NOT NULL DEFAULT CURRENT_TIMESTAMP COMMENT '创建时间',
  PRIMARY KEY (`id`),
  KEY `idx_record_id` (`diet_record_id`) COMMENT '记录ID索引',
  CONSTRAINT `diet_record_foods_ibfk_1` FOREIGN KEY (`diet_record_id`) REFERENCES `diet_records` (`id`) ON DELETE CASCADE
) ENGINE=InnoDB AUTO_INCREMENT=36 DEFAULT CHARSET=utf8mb4 COLLATE=utf8mb4_0900_ai_ci COMMENT='饮食记录食物明细表';
/*!40101 SET character_set_client = @saved_cs_client */;

--
-- Dumping data for table `diet_record_foods`
--

LOCK TABLES `diet_record_foods` WRITE;
/*!40000 ALTER TABLE `diet_record_foods` DISABLE KEYS */;
INSERT INTO `diet_record_foods` VALUES (1,1,1,'牛奶',2.00,'1夸脱',1320.00,64.00,80.00,96.00,1952.00,'2025-04-21 17:03:36'),(2,1,2,'脱脂牛奶',984.00,'克',360.00,36.00,0.00,52.00,984.00,'2025-04-21 17:03:36'),(3,2,43,'咸猪肉',1.00,'2盎司',470.00,3.00,55.00,0.00,60.00,'2025-04-21 17:09:20'),(4,2,248,'大米',208.00,'克',748.00,15.00,3.00,154.00,208.00,'2025-04-21 17:09:20'),(5,3,43,'咸猪肉',1.00,'2盎司',470.00,3.00,55.00,0.00,60.00,'2025-04-22 10:39:21'),(6,4,223,'黑麦面包',2.00,'1片',110.00,4.00,2.00,24.00,46.00,'2025-04-23 10:45:01'),(7,4,1,'牛奶',1.00,'1夸脱',660.00,32.00,40.00,48.00,976.00,'2025-04-23 10:45:01'),(8,5,1,'牛奶',1.00,'1夸脱',660.00,32.00,40.00,48.00,976.00,'2025-04-24 15:21:57'),(9,5,27,'生鸡蛋',1.00,'2个',150.00,12.00,12.00,0.00,100.00,'2025-04-24 15:21:57'),(10,6,45,'牛肉',1.00,'3盎司',245.00,23.00,16.00,0.00,85.00,'2025-04-24 15:22:51'),(11,6,102,'西兰花',1.00,'1杯',45.00,5.00,0.00,8.00,150.00,'2025-04-24 15:22:51'),(12,7,44,'培根',2.00,'2片',190.00,8.00,16.00,2.00,32.00,'2025-04-24 16:25:11'),(13,7,106,'胡萝卜',2.00,'1杯',90.00,2.00,0.00,20.00,300.00,'2025-04-24 16:25:11'),(14,7,33,'氢化食用油',2.00,'1/2杯',1330.00,0.00,200.00,0.00,200.00,'2025-04-24 16:25:11'),(15,8,187,'葡萄',1.00,'1杯',70.00,1.00,0.00,16.00,153.00,'2025-04-24 16:27:41'),(16,9,1,'牛奶',1.00,'1夸脱',660.00,32.00,40.00,48.00,976.00,'2025-04-26 15:43:37'),(17,9,27,'生鸡蛋',2.00,'2个',300.00,24.00,24.00,0.00,200.00,'2025-04-26 15:43:37'),(18,10,48,'烤牛肉',1.00,'3盎司',390.00,16.00,36.00,0.00,85.00,'2025-04-27 19:40:47'),(19,10,100,'甜菜叶',1.00,'1杯',27.00,2.00,0.00,6.00,100.00,'2025-04-27 19:40:47'),(20,11,47,'瘦牛肉末',1.00,'3盎司',185.00,24.00,10.00,0.00,85.00,'2025-04-28 15:12:18'),(21,12,54,'肉馅饼',1.00,'1个',480.00,18.00,28.00,32.00,227.00,'2025-04-28 16:06:21'),(22,13,1,'牛奶',1.00,'1夸脱',660.00,32.00,40.00,48.00,976.00,'2025-04-28 16:09:50'),(23,14,223,'黑麦面包',1.00,'1片',55.00,2.00,1.00,12.00,23.00,'2025-04-28 16:19:17'),(24,15,48,'烤牛肉',1.00,'3盎司',390.00,16.00,36.00,0.00,85.00,'2025-04-28 16:45:47'),(25,16,212,'葡萄干',1.00,'1/2杯',230.00,2.00,0.00,82.00,88.00,'2025-04-28 16:59:54'),(26,16,324,'啤酒',1.00,'2杯',228.00,0.00,0.00,8.00,480.00,'2025-04-28 16:59:54'),(27,17,1,'牛奶',1.00,'1夸脱',660.00,32.00,40.00,48.00,976.00,'2025-04-29 17:53:39'),(28,18,1,'牛奶',1.00,'1夸脱',660.00,32.00,40.00,48.00,976.00,'2025-04-30 10:50:28'),(29,19,43,'咸猪肉',1.00,'2盎司',470.00,3.00,55.00,0.00,60.00,'2025-04-30 11:20:01'),(30,20,45,'牛肉',1.00,'3盎司',245.00,23.00,16.00,0.00,85.00,'2025-04-30 16:10:18'),(31,21,1,'牛奶',1.00,'1夸脱',660.00,32.00,40.00,48.00,976.00,'2025-04-30 19:57:18'),(32,22,1,'牛奶',1.00,'1夸脱',660.00,32.00,40.00,48.00,976.00,'2025-05-04 14:58:24'),(33,23,1,'牛奶',1.00,'1夸脱',660.00,32.00,40.00,48.00,976.00,'2025-05-04 14:58:24'),(34,24,43,'咸猪肉',1.00,'2盎司',470.00,3.00,55.00,0.00,60.00,'2025-05-04 15:54:22'),(35,25,1,'牛奶',2.00,'1夸脱',1320.00,64.00,80.00,96.00,1952.00,'2025-05-06 21:14:12');
/*!40000 ALTER TABLE `diet_record_foods` ENABLE KEYS */;
UNLOCK TABLES;

--
-- Table structure for table `diet_records`
--

DROP TABLE IF EXISTS `diet_records`;
/*!40101 SET @saved_cs_client     = @@character_set_client */;
/*!50503 SET character_set_client = utf8mb4 */;
CREATE TABLE `diet_records` (
  `id` bigint NOT NULL AUTO_INCREMENT,
  `user_id` bigint NOT NULL COMMENT '用户ID',
  `date` date NOT NULL COMMENT '记录日期',
  `time` time NOT NULL COMMENT '记录时间',
  `meal_type` varchar(20) NOT NULL COMMENT '餐次类型: breakfast/lunch/dinner/snacks',
  `remark` varchar(200) DEFAULT NULL COMMENT '备注信息',
  `total_calorie` decimal(8,2) NOT NULL COMMENT '总热量(千卡)',
  `created_at` datetime NOT NULL DEFAULT CURRENT_TIMESTAMP COMMENT '创建时间',
  `updated_at` datetime NOT NULL DEFAULT CURRENT_TIMESTAMP ON UPDATE CURRENT_TIMESTAMP COMMENT '更新时间',
  PRIMARY KEY (`id`),
  KEY `idx_user_date` (`user_id`,`date`) COMMENT '用户日期索引'
) ENGINE=InnoDB AUTO_INCREMENT=26 DEFAULT CHARSET=utf8mb4 COLLATE=utf8mb4_0900_ai_ci COMMENT='饮食记录主表';
/*!40101 SET character_set_client = @saved_cs_client */;

--
-- Dumping data for table `diet_records`
--

LOCK TABLES `diet_records` WRITE;
/*!40000 ALTER TABLE `diet_records` DISABLE KEYS */;
INSERT INTO `diet_records` VALUES (1,23,'2025-04-21','07:03:00','breakfast','',1680.00,'2025-04-21 17:03:36','2025-04-21 17:03:36'),(2,23,'2025-04-21','12:00:00','lunch','好吃，爱吃',1218.00,'2025-04-21 17:09:20','2025-04-21 17:09:20'),(3,23,'2025-04-22','11:38:00','lunch','',470.00,'2025-04-22 10:39:21','2025-04-22 10:39:21'),(4,23,'2025-04-23','08:44:00','breakfast','睡醒喝杯牛奶',770.00,'2025-04-23 10:45:00','2025-04-23 10:45:00'),(5,23,'2025-04-24','07:21:00','breakfast','',810.00,'2025-04-24 15:21:57','2025-04-24 15:21:57'),(6,23,'2025-04-24','12:22:00','lunch','',290.00,'2025-04-24 15:22:51','2025-04-24 15:22:51'),(7,23,'2025-04-24','17:24:00','dinner','',1610.00,'2025-04-24 16:25:11','2025-04-24 16:25:11'),(8,23,'2025-04-24','20:27:00','snacks','',70.00,'2025-04-24 16:27:41','2025-04-24 16:27:41'),(9,23,'2025-04-26','08:42:00','breakfast','',960.00,'2025-04-26 15:43:37','2025-04-26 15:43:37'),(10,23,'2025-04-27','18:40:00','dinner','',417.00,'2025-04-27 19:40:47','2025-04-27 19:40:47'),(11,23,'2025-04-28','12:12:00','lunch','',185.00,'2025-04-28 15:12:18','2025-04-28 15:12:18'),(12,23,'2025-04-28','19:05:00','dinner','',480.00,'2025-04-28 16:06:20','2025-04-28 16:06:20'),(13,23,'2025-04-28','06:09:00','breakfast','',660.00,'2025-04-28 16:09:50','2025-04-28 16:09:50'),(14,23,'2025-04-28','06:00:00','breakfast','',55.00,'2025-04-28 16:19:17','2025-04-28 16:19:17'),(15,23,'2025-04-28','18:45:00','dinner','',390.00,'2025-04-28 16:45:47','2025-04-28 16:45:47'),(16,23,'2025-04-28','21:00:00','snacks','宵夜',458.00,'2025-04-28 16:59:54','2025-04-28 16:59:54'),(17,23,'2025-04-29','08:53:00','breakfast','',660.00,'2025-04-29 17:53:39','2025-04-29 17:53:39'),(18,23,'2025-04-30','06:50:00','breakfast','',660.00,'2025-04-30 10:50:28','2025-04-30 10:50:28'),(19,23,'2025-04-30','11:19:00','lunch','',470.00,'2025-04-30 11:20:01','2025-04-30 11:20:01'),(20,23,'2025-04-30','19:10:00','dinner','',245.00,'2025-04-30 16:10:18','2025-04-30 16:10:18'),(21,23,'2025-04-30','20:57:00','snacks','',660.00,'2025-04-30 19:57:18','2025-04-30 19:57:18'),(22,23,'2025-05-04','07:58:00','breakfast','',660.00,'2025-05-04 14:58:23','2025-05-04 14:58:23'),(23,23,'2025-05-04','07:58:00','breakfast','',660.00,'2025-05-04 14:58:24','2025-05-04 14:58:24'),(24,23,'2025-05-04','12:54:00','lunch','',470.00,'2025-05-04 15:54:22','2025-05-04 15:54:22'),(25,23,'2025-05-06','07:11:00','breakfast','',1320.00,'2025-05-06 21:14:12','2025-05-06 21:14:12');
/*!40000 ALTER TABLE `diet_records` ENABLE KEYS */;
UNLOCK TABLES;

--
-- Table structure for table `food`
--

DROP TABLE IF EXISTS `food`;
/*!40101 SET @saved_cs_client     = @@character_set_client */;
/*!50503 SET character_set_client = utf8mb4 */;
CREATE TABLE `food` (
  `id` int NOT NULL AUTO_INCREMENT,
  `food_name` varchar(255) CHARACTER SET utf8mb4 COLLATE utf8mb4_unicode_ci DEFAULT NULL,
  `measure` varchar(100) CHARACTER SET utf8mb4 COLLATE utf8mb4_unicode_ci DEFAULT NULL,
  `grams` varchar(50) COLLATE utf8mb4_unicode_ci DEFAULT NULL,
  `calories` varchar(20) COLLATE utf8mb4_unicode_ci DEFAULT NULL,
  `protein` varchar(20) COLLATE utf8mb4_unicode_ci DEFAULT NULL,
  `fat` varchar(20) COLLATE utf8mb4_unicode_ci DEFAULT NULL,
  `sat_fat` varchar(20) COLLATE utf8mb4_unicode_ci DEFAULT NULL,
  `fiber` varchar(20) COLLATE utf8mb4_unicode_ci DEFAULT NULL,
  `carbs` varchar(20) COLLATE utf8mb4_unicode_ci DEFAULT NULL,
  `image_url` varchar(255) COLLATE utf8mb4_unicode_ci DEFAULT NULL COMMENT '食物图片URL',
  `category_id` int DEFAULT NULL COMMENT '分类ID',
  PRIMARY KEY (`id`),
  KEY `idx_category_id` (`category_id`),
  CONSTRAINT `fk_food_category` FOREIGN KEY (`category_id`) REFERENCES `food_category` (`id`)
) ENGINE=InnoDB AUTO_INCREMENT=350 DEFAULT CHARSET=utf8mb4 COLLATE=utf8mb4_unicode_ci;
/*!40101 SET character_set_client = @saved_cs_client */;

--
-- Dumping data for table `food`
--

LOCK TABLES `food` WRITE;
/*!40000 ALTER TABLE `food` DISABLE KEYS */;
INSERT INTO `food` VALUES (1,'牛奶','1夸脱','976.0','660.0','32.0','40.0','36.0','0','48.0','乳制品','foodimage/1/1ce3f17044b4443fabace1887bdd2f9c.jpg',1),(2,'脱脂牛奶','1夸脱','984.0','360.0','36.0','0.0','0.0','0','52.0','乳制品','foodimage/2/201314acb2434a819e0d14dfda61fc83.jpg',1),(3,'酪乳','1杯','246','127','9','5','4','0','13','乳制品','foodimage/3/060923093e254bcb979f750979a2cdb6.jpg',1),(4,'炼乳, 未稀释','1杯','252','345','16','20','18','0','24','乳制品',NULL,1),(5,'强化牛奶','6杯','1,419','1,373','89','42','23','1.4','119','乳制品',NULL,1),(6,'奶粉','1杯','103','515','27','28','24','0','39','乳制品',NULL,1),(7,'脱脂速溶奶粉','1 1/3杯','85','290','30','微量','微量','0','42','乳制品',NULL,1),(8,'脱脂非速溶奶粉','2/3杯','85','290','30','微量','微量','1','42','乳制品',NULL,1),(9,'羊奶','1杯','244','165','8','10','8','0','11','乳制品',NULL,1),(10,'冰淇淋 (1/2杯量)','2杯','540','690','24','24','22','0','70','乳制品',NULL,1),(11,'可可饮料','1杯','252','235','8','11','10','0','26','乳制品',NULL,1),(12,'脱脂牛奶饮料','1杯','250','128','18','4','3','1','13','乳制品',NULL,1),(13,'(玉米淀粉饮料)','1杯','248','275','9','10','9','0','40','乳制品',NULL,1),(14,'蛋奶沙司','1杯','248','285','13','14','11','0','28','乳制品',NULL,1),(15,'冰淇淋','1杯','188','300','6','18','16','0','29','乳制品',NULL,1),(16,'冰牛奶 (Ice milk)','1杯','190','275','9','10','9','0','32','乳制品',NULL,1),(17,'淡奶油或半对半奶油','1/2杯','120','170','4','15','13','0','5','乳制品',NULL,1),(18,'或 搅打奶油','1/2杯','119','430','2','44','27','1','3','乳制品',NULL,1),(19,'奶酪 (cottage cheese)','1杯','225','240','30','11','10','0','6','乳制品',NULL,1),(20,'无奶油干酪','1杯','225','195','38','微量','微量','0','6','乳制品',NULL,1),(21,'切达奶酪','1英寸立方块','17','70','4','6','5','0','微量','乳制品',NULL,1),(22,'切达奶酪丝, 杯','1/2杯','56','226','14','19','17','0','1','乳制品',NULL,1),(23,'奶油奶酪','1盎司','28','105','2','11','10','0','1','乳制品',NULL,1),(24,'加工奶酪','1盎司','28','105','7','9','8','0','微量','乳制品',NULL,1),(25,'罗克福干酪类','1盎司','28','105','6','9','8','0','微量','乳制品',NULL,1),(26,'瑞士奶酪','1盎司','28','105','7','8','7','0','微量','乳制品',NULL,1),(27,'生鸡蛋','2个','100','150','12','12','10','0','微量','乳制品',NULL,1),(28,'炒鸡蛋或煎鸡蛋','2个','128','220','13','16','14','0','1','乳制品',NULL,1),(29,'蛋黄','2个','34','120','6','10','8','0','微量','脂肪, 油脂, 起酥油',NULL,2),(30,'黄油','1汤匙','14','100','微量','11','10','0','微量','脂肪, 油脂, 起酥油',NULL,2),(31,'黄油','1/2杯','112','113','114','115','116','117','118','脂肪, 油脂, 起酥油',NULL,2),(32,'黄油','1/4磅','112','113','114','115','116','117','118','脂肪, 油脂, 起酥油',NULL,2),(33,'氢化食用油','1/2杯','100','665','0','100','88','0','0','脂肪, 油脂, 起酥油',NULL,2),(34,'猪油','1/2杯','110','992','0','110','92','0','0','脂肪, 油脂, 起酥油',NULL,2),(35,'人造黄油','1/2杯','112','806','微量','91','76','0','微量','脂肪, 油脂, 起酥油',NULL,2),(36,'人造黄油, 2 小块 或','1汤匙','14','100','微量','11','9','0','微量','脂肪, 油脂, 起酥油',NULL,2),(37,'蛋黄酱','1汤匙','15','110','微量','12','5','0','微量','脂肪, 油脂, 起酥油',NULL,2),(38,'玉米油','1汤匙','14','125','0','14','5','0','0','脂肪, 油脂, 起酥油',NULL,2),(39,'橄榄油','1汤匙','14','125','0','14','3','0','0','脂肪, 油脂, 起酥油',NULL,2),(40,'红花籽油','1汤匙','14','125','0','14','3','0','0','脂肪, 油脂, 起酥油',NULL,2),(41,'法式沙拉酱','1汤匙','15','60','微量','6','2','0','2','脂肪, 油脂, 起酥油',NULL,2),(42,'千岛酱','1汤匙','15','75','微量','8','3','0','1','脂肪, 油脂, 起酥油',NULL,2),(43,'咸猪肉','2盎司','60','470','3','55',NULL,'0','0','肉类, 家禽',NULL,3),(44,'培根','2片','16','95','4','8','7','0','1','肉类, 家禽',NULL,3),(45,'牛肉','3盎司','85','245','23','16','15','0','0','肉类, 家禽',NULL,3),(46,'汉堡肉饼','3盎司','85','245','21','17','15','0','0','肉类, 家禽',NULL,3),(47,'瘦牛肉末','3盎司','85','185','24','10','9','0','0','肉类, 家禽',NULL,3),(48,'烤牛肉','3盎司','85','390','16','36','35','0','0','肉类, 家禽',NULL,3),(49,'牛排','3盎司','85','330','20','27','25','0','0','肉类, 家禽',NULL,3),(50,'牛排, 瘦肉, 如后腿肉','3盎司','85','220','24','12','11','0','0','肉类, 家禽',NULL,3),(51,'咸牛肉','3盎司','85','185','22','10','9','0','0','肉类, 家禽',NULL,3),(52,'罐装咸牛肉哈希','3盎司','85','120','12','8','7','微量','6','肉类, 家禽',NULL,3),(53,'干咸牛肉哈希','2盎司','56','115','19','4','4','0','0','肉类, 家禽',NULL,3),(54,'肉馅饼','1个','227','480','18','28','25','微量','32','肉类, 家禽',NULL,3),(55,'咸牛肉哈希炖菜','1杯','235','185','15','10','9','微量','15','肉类, 家禽',NULL,3),(56,'鸡肉','3盎司','85','185','23','9','7','0','0','肉类, 家禽',NULL,3),(57,'炸鸡, 鸡胸或鸡腿','3盎司','85','245','25','15','11','0','0','肉类, 家禽',NULL,3),(58,'烤鸡','3.5盎司','100','290','25','20','16','0','0','肉类, 家禽',NULL,3),(59,'炸鸡肝','3个中等大小','100','140','22','14','12','0','2.30','肉类, 家禽',NULL,3),(60,'家鸭','3.5盎司','100','370','16','28','0','0','0','肉类, 家禽',NULL,3),(61,'羊排, 烤','4盎司','115','480','24','35','33','0','0','肉类, 家禽',NULL,3),(62,'烤羊腿','3盎司','86','314','20','14','14','0','0','肉类, 家禽',NULL,3),(63,'炖羊肩肉','3盎司','85','285','18','23','21','0','0','肉类, 家禽',NULL,3),(64,'猪排, 1英寸厚','3.5盎司','100','260','16','21','18','0','0','肉类, 家禽',NULL,3),(65,'火腿 (锅煎)','3盎司','85','290','16','22','19','0','0','肉类, 家禽',NULL,3),(66,'火腿, 如','2盎司','57','170','13','13','11','0','0','肉类, 家禽',NULL,3),(67,'火腿, 罐装, 调味','2盎司','57','165','8','14','12','0','1','肉类, 家禽',NULL,3),(68,'烤猪肉','3盎司','85','310','21','24','21','0','0','肉类, 家禽',NULL,3),(69,'猪肉香肠','3.5盎司','100','475','18','44','40','0','0','肉类, 家禽',NULL,3),(70,'火鸡肉','3.5盎司','100','265','27','15','0','0','0','肉类, 家禽',NULL,3),(71,'小牛肉','3盎司','85','185','23','9','8','0','0','肉类, 家禽',NULL,3),(72,'烤小牛肉','3盎司','85','305','13','14','13','0','0','肉类, 家禽',NULL,3),(73,'蛤蜊','3盎司','85','87','12','1','0','0','2','鱼类, 海鲜',NULL,4),(74,'鳕鱼','3.5盎司','100','170','28','5','0','0','0','鱼类, 海鲜',NULL,4),(75,'蟹肉','3盎司','85','90','14','2','0','0','1','鱼类, 海鲜',NULL,4),(76,'炸鱼条','5条','112','200','19','10','5','0','8','鱼类, 海鲜',NULL,4),(77,'比目鱼','3.5盎司','100','200','30','8','0','0','0','鱼类, 海鲜',NULL,4),(78,'黑线鳕','3盎司','85','135','16','5','4','0','6','鱼类, 海鲜',NULL,4),(79,'大比目鱼','3.5盎司','100','182','26','8','0','0','0','鱼类, 海鲜',NULL,4),(80,'鲱鱼','1条小','100','211','22','13','0','0','0','鱼类, 海鲜',NULL,4),(81,'龙虾','平均大小','100','92','18','1','0','0','微量','鱼类, 海鲜',NULL,4),(82,'鲭鱼','3盎司','85','155','18','9','0','微量','0','鱼类, 海鲜',NULL,4),(83,'牡蛎','6-8个中等','230','231','232','233','234','235','236','鱼类, 海鲜',NULL,4),(84,'牡蛎汤','1杯','85','125','19','6','1','0','0','鱼类, 海鲜',NULL,4),(85,'三文鱼','3盎司','85','120','17','5','1','0','0','鱼类, 海鲜',NULL,4),(86,'沙丁鱼','3盎司','85','180','22','9','4','0','0','鱼类, 海鲜',NULL,4),(87,'扇贝','3.5盎司','100','104','18','8','0','0','10','鱼类, 海鲜',NULL,4),(88,'西鲱','3盎司','85','170','20','10','0','0','0','鱼类, 海鲜',NULL,4),(89,'虾','3盎司','85','110','23','1','0','0','0','鱼类, 海鲜',NULL,4),(90,'剑鱼','1块','100','180','27','6','0','0','0','鱼类, 海鲜',NULL,4),(91,'金枪鱼','3盎司','85','170','25','7','3','0','0','鱼类, 海鲜',NULL,4),(92,'洋蓟','1个大','100','8-44','2','微量','微量','2','10','蔬菜 (A-E)',NULL,5),(93,'芦笋','6根','96','18','1','微量','微量','0.5','3','蔬菜 (A-E)',NULL,5),(94,'豆角','1杯','125','25','1','微量','微量','0.8','6','蔬菜 (A-E)',NULL,5),(95,'利马豆','1杯','160','140','8','微量','微量','3.0','24','蔬菜 (A-E)',NULL,5),(96,'利马豆, 干, 煮熟','1杯','192','260','16','微量','微量','2','48','蔬菜 (A-E)',NULL,5),(97,'海军豆, 加猪肉烤','3/4杯','200','250','11','6','6','2','37','蔬菜 (A-E)',NULL,5),(98,'红腰豆','1杯','260','230','15','1','0','2.5','42','蔬菜 (A-E)',NULL,5),(99,'豆芽','1杯','50','17','1','微量','0','0.3','3','蔬菜 (A-E)',NULL,5),(100,'甜菜叶','1杯','100','27','2','微量','0','1.4','6','蔬菜 (A-E)',NULL,5),(101,'甜菜根','1杯','165','1','12','0',NULL,'微量','0.80','蔬菜 (A-E)',NULL,5),(102,'西兰花','1杯','150','45','5','微量','0','1.9','8','蔬菜 (A-E)',NULL,5),(103,'抱子甘蓝','1杯','130','60','6','微量','0','1.7','12','蔬菜 (A-E)',NULL,5),(104,'德国酸菜','1杯','150','32','1','微量','0','1.2','7','蔬菜 (A-E)',NULL,5),(105,'蒸卷心菜','1杯','170','40','2','微量','0','1.3','9','蔬菜 (A-E)',NULL,5),(106,'胡萝卜','1杯','150','45','1','微量','0','0.9','10','蔬菜 (A-E)',NULL,5),(107,'生胡萝卜丝','1杯','110','45','1','微量','0','1.2','10','蔬菜 (A-E)',NULL,5),(108,'生胡萝卜条','1根中等','50','20','微量','微量','0','0.5','5','蔬菜 (A-E)',NULL,5),(109,'花椰菜','1杯','120','30','3','微量','0','1','6','蔬菜 (A-E)',NULL,5),(110,'芹菜','1杯','100','20','1','微量','0','1','4','蔬菜 (A-E)',NULL,5),(111,'生芹菜茎','1大根','40','5','1','微量','0','0.3','1','蔬菜 (A-E)',NULL,5),(112,'蒸莙荙菜','1杯','150','30','2','微量','0','1.4','7','蔬菜 (A-E)',NULL,5),(113,'羽衣甘蓝(Collards)','1杯','150','51','5','微量','0','2','8','蔬菜 (A-E)',NULL,5),(114,'玉米','1穗','100','92','3','1','微量','0.8','21','蔬菜 (A-E)',NULL,5),(115,'煮熟或罐装玉米','1杯','200','170','5','微量','0','1.6','41','蔬菜 (A-E)',NULL,5),(116,'黄瓜','8片','50','6','微量','0','0','0.2','1','蔬菜 (A-E)',NULL,5),(117,'蒲公英叶','1杯','180','80','5','1','0','3.2','16','蔬菜 (A-E)',NULL,5),(118,'茄子','1杯','180','30','2','微量','0','1.0','9','蔬菜 (A-E)',NULL,5),(119,'苦苣','2盎司','57','10','1','微量','0','0.6','2','蔬菜 (A-E)',NULL,5),(120,'羽衣甘蓝(Kale)','1杯','110','45','4','1','0','0.9','8','蔬菜 (F-P)',NULL,6),(121,'苤蓝','1杯','140','40','2','微量','0','1.5','9','蔬菜 (F-P)',NULL,6),(122,'蒸藜菜','1杯','150','48','5','微量','0','3.2','7','蔬菜 (F-P)',NULL,6),(123,'小扁豆','1杯','200','212','15','微量','0','2.4','38','蔬菜 (F-P)',NULL,6),(124,'生菜','1/4头','100','14','1','微量','0','0.5','2','蔬菜 (F-P)',NULL,6),(125,'卷心生菜','1/4头','100','13','微量','微量','0','0.5','3','蔬菜 (F-P)',NULL,6),(126,'罐装蘑菇','4个','120','12','2','微量','0','微量','4','蔬菜 (F-P)',NULL,6),(127,'芥菜叶','1棵','140','30','3','微量','0','1.2','6','蔬菜 (F-P)',NULL,6),(128,'秋葵','1 1/3杯','100','32','1','微量','0','1','7','蔬菜 (F-P)',NULL,6),(129,'洋葱','1个','210','80','2','微量','0','1.6','18','蔬菜 (F-P)',NULL,6),(130,'生小葱','6棵小','50','22','微量','微量','0','1','5','蔬菜 (F-P)',NULL,6),(131,'欧芹','2汤匙','50','2','微量','微量','0','微量','微量','蔬菜 (F-P)',NULL,6),(132,'欧防风','1杯','155','95','2','1','0','3','22','蔬菜 (F-P)',NULL,6),(133,'豌豆','1杯','100','66','3','微量','0','0.1','13','蔬菜 (F-P)',NULL,6),(134,'新鲜蒸豌豆','1杯','100','70','5','微量','0','2.2','12','蔬菜 (R-Z)',NULL,7),(135,'冷冻豌豆','1杯','100',NULL,'5','微量','0','1.8','12','蔬菜 (R-Z)',NULL,7),(136,'煮熟裂荚豌豆','4杯','100','115','8','微量','0','0.4','21','蔬菜 (R-Z)',NULL,7),(137,'加热豌豆','1杯','100','53','3','微量','0','1','10','蔬菜 (R-Z)',NULL,7),(138,'罐装辣椒','1个','38','10','微量','微量','0','微量','2','蔬菜 (R-Z)',NULL,7),(139,'生青椒, 甜','1个大','100','25','1','微量','0','1.4','6','蔬菜 (R-Z)',NULL,7),(140,'辣椒塞牛肉和面包屑','1个中等','150','255','19','9','8','1','24','蔬菜 (R-Z)',NULL,7),(141,'烤土豆','1个中等','100','100','2','微量','0','0.5','22','蔬菜 (R-Z)',NULL,7),(142,'炸薯条','10根','60','155','-1','7','3','0.4','20','蔬菜 (R-Z)',NULL,7),(143,'土豆泥 (加牛奶黄油)','1杯','200','230','4','12','11','0.7','28','蔬菜 (R-Z)',NULL,7),(144,'锅煎土豆','3/4杯','100','268','4','14','6','0.40','33','蔬菜 (R-Z)',NULL,7),(145,'奶酪焗土豆','3/4杯','100','145','6','8','7','0.40','14','蔬菜 (R-Z)',NULL,7),(146,'去皮前蒸土豆','1个中等','100','80','2','微量','0','0.40','19','蔬菜 (R-Z)',NULL,7),(147,'薯片','10片','20','110','1','7','4','微量','10','蔬菜 (R-Z)',NULL,7),(148,'小萝卜','5个小','50','10','微量','0','0','0.3','2','蔬菜 (R-Z)',NULL,7),(149,'瑞典芜菁','4杯','100','32','微量','0','0','1.4','8','蔬菜 (R-Z)',NULL,7),(150,'大豆','1杯','200','260','22','11','0','3.2','20','蔬菜 (R-Z)',NULL,7),(151,'菠菜','1杯','100','26','3','微量','0','1','3','蔬菜 (R-Z)',NULL,7),(152,'西葫芦/南瓜(Summer Squash)','1杯','210','35','1','微量','0','0.6','8','蔬菜 (R-Z)',NULL,7),(153,'冬南瓜泥','1杯','200','95','4','微量','0','2.6','23','蔬菜 (R-Z)',NULL,7),(154,'红薯','1个中等','110','155','2','1','0','1','36','蔬菜 (R-Z)',NULL,7),(155,'蜜饯红薯','1个中等','175','235','2','6','5','1.5','80','蔬菜 (R-Z)',NULL,7),(156,'西红柿','1杯','240','50','2','微量','0','1','9','蔬菜 (R-Z)',NULL,7),(157,'生西红柿, 2x2.5英寸','1个中等','150','30','1','微量','0','0.6','6','蔬菜 (R-Z)',NULL,7),(158,'番茄汁','1杯','240','50','2','微量','0','0.6','10','蔬菜 (R-Z)',NULL,7),(159,'番茄酱','1汤匙','17','15','微量','微量','0','微量','4','蔬菜 (R-Z)',NULL,7),(160,'芜菁叶','1杯','145','45','4','1','0','1.8','8','蔬菜 (R-Z)',NULL,7),(161,'蒸芜菁','1杯','155','40','1','微量','0','1.8','9','蔬菜 (R-Z)',NULL,7),(162,'生豆瓣菜茎','1杯','50','9','1','微量','0','0.3','1','水果 (A-F)',NULL,8),(163,'罐装苹果汁','1杯','250','125','微量','0','0','0','34','水果 (A-F)',NULL,8),(164,'苹果醋','1/3杯','100','14','微量','0','0','0','3','水果 (A-F)',NULL,8),(165,'生苹果','1个中等','130','70','微量','微量','0','1','18','水果 (A-F)',NULL,8),(166,'炖或罐装苹果','1杯','240','100','微量','微量','0','2','26','水果 (A-F)',NULL,8),(167,'杏子','1杯','250','220','2','微量','0','1','57','水果 (A-F)',NULL,8),(168,'杏干, 未煮','1/2杯','75','220','4','微量','0','1','50','水果 (A-F)',NULL,8),(169,'新鲜杏子','3个中等','114','55','1','微量','0','0.70','14','水果 (A-F)',NULL,8),(170,'杏汁','1杯','250','140','1','微量','0','2','36','水果 (A-F)',NULL,8),(171,'牛油果','1/2个大','108','185','2','18','12','1.80','6','水果 (A-F)',NULL,8),(172,'香蕉','1根中等','150','85','1','微量','0','0.9','23','水果 (A-F)',NULL,8),(173,'黑莓','1杯','144','85','2','1','0','6.60','19','水果 (A-F)',NULL,8),(174,'蓝莓','1杯','250','245','1','微量','0','2','65','水果 (A-F)',NULL,8),(175,'哈密瓜','1/2个中等','380','40','1','微量','0','2.20','9','水果 (A-F)',NULL,8),(176,'樱桃','1杯','257','100','2','1','0','2','26','水果 (A-F)',NULL,8),(177,'新鲜生樱桃','1杯','114','65','1','微量','0','0.8','15','水果 (A-F)',NULL,8),(178,'加糖蔓越莓酱','1杯','277','530','微量','微量','0','1.2','142','水果 (A-F)',NULL,8),(179,'枣子','1杯','178','505','4','微量','0','3.6','134','水果 (A-F)',NULL,8),(180,'无花果','2个','42','120','2','微量','0','1.9','30','水果 (A-F)',NULL,8),(181,'新鲜生无花果','3个中等','114','90','2','微量','0','1','22','水果 (A-F)',NULL,8),(182,'糖水无花果罐头','3个','115','130','1','微量','0','1','32','水果 (A-F)',NULL,8),(183,'罐装水果鸡尾酒','1杯','256','195','1','微量','0','0.5','50','水果 (A-F)',NULL,8),(184,'西柚块','1杯','250','170','1','微量','0','0.5','44','水果 (G-P)',NULL,9),(185,'新鲜西柚, 5英寸直径','1/2个','285','50','1','微量','微量','1','14','水果 (G-P)',NULL,9),(186,'西柚汁','1杯','250','100','1','微量','0','1','24','水果 (G-P)',NULL,9),(187,'葡萄','1杯','153','70','1','微量','0','0.8','16','水果 (G-P)',NULL,9),(188,'欧洲品种, 如Muscat, Tokay','1杯','160','100','1','微量','0','0.7','26','水果 (G-P)',NULL,9),(189,'葡萄汁','1杯','250','160','1','微量','0','微量','42','水果 (G-P)',NULL,9),(190,'柠檬汁','1/2杯','125','30','微量','微量','0','微量','10','水果 (G-P)',NULL,9),(191,'冷冻浓缩柠檬水','6盎司罐','220','430','微量','微量','0','微量','112','水果 (G-P)',NULL,9),(192,'冷冻浓缩青柠水','6盎司罐','218','405','微量','微量','0','微量','108','水果 (G-P)',NULL,9),(193,'大橄榄','10个','65','72','1','10','9','0.8','3','水果 (G-P)',NULL,9),(194,'熟橄榄','10个','65','105','1','13','12','1','1','水果 (G-P)',NULL,9),(195,'橙子 3英寸直径','1个中等','180','60','2','微量','微量','1','16','水果 (G-P)',NULL,9),(196,'橙汁','8盎司 或','250','112','2','微量','0','0.2','25','水果 (G-P)',NULL,9),(197,'冷冻橙汁','6盎司罐','210','330','2','微量','微量','0.4','78','水果 (G-P)',NULL,9),(198,'木瓜','1/2个中等','200','75','1','微量','0','1.8','18','水果 (G-P)',NULL,9),(199,'桃子','1杯','257','200','1','微量','0','1','52','水果 (G-P)',NULL,9),(200,'新鲜生桃子','1个中等','114','35','1','微量','0','0.6','10','水果 (G-P)',NULL,9),(201,'梨','1杯','255','195','1','微量','0','2','50','水果 (G-P)',NULL,9),(202,'生梨, 3x2.5英寸','1个中等','182','100','1','1','0','2','25','水果 (G-P)',NULL,9),(203,'柿子','1个中等','125','75','1','微量','0','2','20','水果 (G-P)',NULL,9),(204,'菠萝','1大片','122','95','微量','微量','0','0.4','26','水果 (G-P)',NULL,9),(205,'碎菠萝','1杯','260','205','1','微量','0','0.7','55','水果 (G-P)',NULL,9),(206,'生菠萝丁','1杯','140','75','1','微量\'','0','0.6','19','水果 (G-P)',NULL,9),(207,'菠萝汁','1杯','250','120','1','微量','0','0.2','32','水果 (G-P)',NULL,9),(208,'李子','1杯','256','185','1','微量','0','0.7','50','水果 (G-P)',NULL,9),(209,'生李子, 2英寸直径','1个','60','30','微量','微量','0','0.2','7','水果 (G-P)',NULL,9),(210,'西梅干','1杯','270','300','3','1','0','0.8','81','水果 (G-P)',NULL,9),(211,'西梅汁','1杯','240','170','1','微量','0','0.7','45','水果 (G-P)',NULL,9),(212,'葡萄干','1/2杯','88','230','2','微量','0','0.7','82','水果 (R-Z)',NULL,10),(213,'覆盆子','1/2杯','100','100','微量','微量','0','2','25','水果 (R-Z)',NULL,10),(214,'生红覆盆子','3/4杯','100','57','微量','微量','0','5','14','水果 (R-Z)',NULL,10),(215,'加糖大黄','1杯','270','385','1','微量','0','1.9','98','水果 (R-Z)',NULL,10),(216,'草莓','1杯','227','242','1','微量','0','1.3','60','水果 (R-Z)',NULL,10),(217,'生草莓','1杯','149','54','微量','微量','0','1.9','12','水果 (R-Z)',NULL,10),(218,'橘子','1个中等','114','40','1','微量','0','1','10','水果 (R-Z)',NULL,10),(219,'西瓜','1楔形块','925','120','2','1','0','3.6','29','水果 (R-Z)',NULL,10),(220,'饼干','1个','38','130','3','4','3','微量','18','面包, 谷物, 快餐, 谷类',NULL,11),(221,'麦麸片','1杯','25','117','3','微量','0','0.10','32','面包, 谷物, 快餐, 谷类',NULL,11),(222,'面包, 碎麦','1片','23','60','2','1','1','0.10','12','面包, 谷物, 快餐, 谷类',NULL,11),(223,'黑麦面包','1片','23','55','2','1','1','0.10','12','面包, 谷物, 快餐, 谷类',NULL,11),(224,'白面包, 20片, 或','1磅面包','454','1,225','39','15','12','9.00','229','面包, 谷物, 快餐, 谷类',NULL,11),(225,'全麦面包','1磅面包','454','1,100','48','14','10','67.50','216','面包, 谷物, 快餐, 谷类',NULL,11),(226,'全麦面包','1片','23','55','2','1','0','0.31','11','面包, 谷物, 快餐, 谷类',NULL,11),(227,'玉米面包 (玉米粉制)','1份','50','100','3','4','2','0.30','15','面包, 谷物, 快餐, 谷类',NULL,11),(228,'玉米片','1杯','25','110','2','微量','0','0.1','25','面包, 谷物, 快餐, 谷类',NULL,11),(229,'煮熟玉米糁','1杯','242','120','8','微量','0','0.2','27','面包, 谷物, 快餐, 谷类',NULL,11),(230,'玉米粉','1杯','118','360','9','4','2','1.6','74','面包, 谷物, 快餐, 谷类',NULL,11),(231,'饼干(Crackers)','2个中等','14','55','1','1','0','微量','10','面包, 谷物, 快餐, 谷类',NULL,11),(232,'苏打饼干, 2.5英寸方形','2片','11','45','1','1','0','微量','8','面包, 谷物, 快餐, 谷类',NULL,11),(233,'麦粉(Farina)','1杯','238','105','3','微量','0','8','22','面包, 谷物, 快餐, 谷类',NULL,11),(234,'面粉','1杯','110','460','39','22','0','2.9','33','面包, 谷物, 快餐, 谷类',NULL,11),(235,'小麦粉 (通用)','1杯','110','400','12','1','0','0.3','84','面包, 谷物, 快餐, 谷类',NULL,11),(236,'小麦粉 (全麦)','1杯','120','390','13','2','0','2.8','79','面包, 谷物, 快餐, 谷类',NULL,11),(237,'通心粉','1杯','140','155','5','1','0','0.1','32','面包, 谷物, 快餐, 谷类',NULL,11),(238,'奶酪焗通心粉','1杯','220','475','18','25','24','微量','44','面包, 谷物, 快餐, 谷类',NULL,11),(239,'玛芬蛋糕','1个','48','135','4','5','4','微量','19','面包, 谷物, 快餐, 谷类',NULL,11),(240,'面条','1杯','160','200','7','2','2','0.1','37','面包, 谷物, 快餐, 谷类',NULL,11),(241,'燕麦片','1杯','236','150','5','3','2','4.6','26','面包, 谷物, 快餐, 谷类',NULL,11),(242,'薄煎饼 4英寸直径','4个','108','250','7','9','0','0.1','28','面包, 谷物, 快餐, 谷类',NULL,11),(243,'小麦薄煎饼 4英寸直径','4个','108','250','7','9','0','0.1','28','面包, 谷物, 快餐, 谷类',NULL,11),(244,'披萨 14英寸直径','1角','75','180','8','6','5','微量','23','面包, 谷物, 快餐, 谷类',NULL,11),(245,'咸爆米花','2杯','28','152','3','7','2','0.5','20','面包, 谷物, 快餐, 谷类',NULL,11),(246,'膨化大米','1杯','14','55','微量','微量','0','微量','12','面包, 谷物, 快餐, 谷类',NULL,11),(247,'预甜膨化小麦','1杯','28','105','1','微量','0','0.6','26','面包, 谷物, 快餐, 谷类',NULL,11),(248,'大米','1杯','208','748','15','3','0','1.2','154','面包, 谷物, 快餐, 谷类',NULL,11),(249,'预处理米','1杯','187','677','14','微量','0','0.4','142','面包, 谷物, 快餐, 谷类',NULL,11),(250,'白米','1杯','191','692','14','微量','0','0.3','150','面包, 谷物, 快餐, 谷类',NULL,11),(251,'米片','1杯','30','115','2','微量','0','0.1','26','面包, 谷物, 快餐, 谷类',NULL,11),(252,'米糠','1/2杯','50','132','6','6','0','1.2','28','面包, 谷物, 快餐, 谷类',NULL,11),(253,'面包卷','1个大','50','411','3','12','11','0.1','23','面包, 谷物, 快餐, 谷类',NULL,11),(254,'精粉面包卷','1个','38','115','3','2','2','微量','20','面包, 谷物, 快餐, 谷类',NULL,11),(255,'全麦面包卷','1个','40','102','4','1','0','0.1','20','面包, 谷物, 快餐, 谷类',NULL,11),(256,'肉酱意面','1杯','250','285','13','10','6','0.50','35','面包, 谷物, 快餐, 谷类',NULL,11),(257,'番茄奶酪意面','1杯','250','210','6','5','3','0.50','36','面包, 谷物, 快餐, 谷类',NULL,11),(258,'西班牙米饭','1杯','250','217','4','4','0','1.20','40','面包, 谷物, 快餐, 谷类',NULL,11),(259,'碎小麦饼干','1块','28','100','3','1','0','0.70','23','面包, 谷物, 快餐, 谷类',NULL,11),(260,'华夫饼','1个','75','240','8','9','1','0.10','30','面包, 谷物, 快餐, 谷类',NULL,11),(261,'小麦胚芽','1杯','68','245','17','7','3','2.50','34','面包, 谷物, 快餐, 谷类',NULL,11),(262,'烤麦胚芽麦片','1杯','65','260','20','7','3','2.50','36','面包, 谷物, 快餐, 谷类',NULL,11),(263,'未精炼小麦粉麦片','3/4杯','30','103','4','1','0','0.70','25','面包, 谷物, 快餐, 谷类',NULL,11),(264,'煮熟小麦','3/4杯','200','275','12','1','0','4.40','35','面包, 谷物, 快餐, 谷类',NULL,11),(265,'豆汤','1杯','250','190','8','5','4','0.60','30','汤类',NULL,12),(266,'牛肉汤','1杯','250','100','6','4','4','0.50','11','汤类',NULL,12),(267,'肉汤/清汤','1杯','240','24','5','0','0','0','0','汤类',NULL,12),(268,'鸡汤','1杯','250','75','4','2','2','0','10','汤类',NULL,12),(269,'蛤蜊浓汤','1杯','255','85','5','2','8','0.50','12','汤类',NULL,12),(270,'奶油浓汤','1杯','255','200','7','12','11','1.20','18','汤类',NULL,12),(271,'面条汤','1杯','250','115','6','4','3','0.20','13','汤类',NULL,12),(272,'豌豆汤','1杯','250','147','8','3','3','0.50','25','汤类',NULL,12),(273,'番茄汤','1杯','245','175','6','7','6','0.50','22','汤类',NULL,12),(274,'蔬菜汤','1杯','250','80','4','2','2','0','14','汤类',NULL,12),(275,'苹果派(Apple Betty)','1份','100','150','1','4','0','0.5','29','甜点, 糖果',NULL,13),(276,'面包布丁','3/4杯','200','374','11','12','11','0.20','56','甜点, 糖果',NULL,13),(277,'蛋糕','1片','40','110','3','微量','0','0','23','甜点, 糖果',NULL,13),(278,'巧克力软糖蛋糕','1片','120','420','5','14','12','0.3','70','甜点, 糖果',NULL,13),(279,'纸杯蛋糕','1个','50','160','3','3','2','微量','31','甜点, 糖果',NULL,13),(280,'水果蛋糕','1片','30','105','2','4','3','0.2','17','甜点, 糖果',NULL,13),(281,'姜饼','1片','55','180','2','7','6','微量','28','甜点, 糖果',NULL,13),(282,'原味蛋糕, 无糖霜','1片','55','180','4','5','4','微量','31','甜点, 糖果',NULL,13),(283,'海绵蛋糕','1片','40','115','3','2','2','0','22','甜点, 糖果',NULL,13),(284,'糖果','5颗','25','104','微量','3','3','0','19','甜点, 糖果',NULL,13),(285,'巧克力奶油糖','2颗','30','130','微量','4','4','0','24','甜点, 糖果',NULL,13),(286,'软糖','2块','90','370','微量','12','11','0.1','80','甜点, 糖果',NULL,13),(287,'硬糖','1盎司','28','90','微量','0','0','0','28','甜点, 糖果',NULL,13),(288,'棉花糖','5颗','30','98','1','0','0','0','23','甜点, 糖果',NULL,13),(289,'牛奶巧克力','2盎司条','56','290','2','6','6','0.2','44','甜点, 糖果',NULL,13),(290,'巧克力糖浆','2汤匙','40','80','微量','微量','微量','0','22','甜点, 糖果',NULL,13),(291,'甜甜圈','1个','33','135','2','7','4','微量','17','甜点, 糖果',NULL,13),(292,'明胶甜点, 水制','1杯','239','155','4','微量','微量','0','36','甜点, 糖果',NULL,13),(293,'蜂蜜','2汤匙','42','120','微量','0','0','0','30','果酱, 果冻',NULL,14),(294,'冰淇淋','2杯','300','250','0','0','12','10','0','甜点, 糖果',NULL,13),(295,'冰沙/雪泥','1杯','150','117','0','0','0','0','48','甜点, 糖果',NULL,13),(296,'果酱','1汤匙','20','55','0','0','0','微量','14','果酱, 果冻',NULL,14),(297,'果冻','1汤匙','20','50','0','0','0','0','13','果酱, 果冻',NULL,14),(298,'糖蜜','1汤匙','20','45','0','0','0','8','11','果酱, 果冻',NULL,14),(299,'甘蔗糖浆','1汤匙','20','50','0','0','0','0','13','果酱, 果冻',NULL,14),(300,'9英寸直径派','1片','135','330','3','13','11','0.1','53','甜点, 糖果',NULL,13),(301,'樱桃派','1片','135','340','3','13','11','0.1','55','甜点, 糖果',NULL,13),(302,'蛋奶派','1片','130','265','7','11','10','0','34','甜点, 糖果',NULL,13),(303,'柠檬酥皮派','1片','120','300','4','12','10','0.1','45','甜点, 糖果',NULL,13),(304,'肉馅派','1片','135','340','3','9','8','0.70','62','甜点, 糖果',NULL,13),(305,'南瓜派','1片','130','265','5','12','11','8','34','甜点, 糖果',NULL,13),(306,'布丁 (糖)','1杯','200','770','0','0','0','0','199','甜点, 糖果',NULL,13),(307,'糖 3茶匙','1汤匙','12','50','0','0','0','0','12','甜点, 糖果',NULL,13),(308,'红糖, 压实, 深色','1杯','220','815','0','微量','0','0','210','果酱, 果冻',NULL,14),(309,'糖浆','2汤匙','40','100','0','0','0','0','25','果酱, 果冻',NULL,14),(310,'餐桌混合糖浆','2汤匙','40','110','0','0','0','0','29','果酱, 果冻',NULL,14),(311,'木薯奶油布丁','1杯','250','335','10','10','9','0','42','甜点, 糖果',NULL,13),(312,'杏仁','1/2杯','70','425','13','38','28','1.8','13','种子与坚果',NULL,15),(313,'烤盐焗杏仁','1/2杯','70','439','13','40','31','1.8','13','种子与坚果',NULL,15),(314,'巴西坚果','1/2杯','70','457','10','47','31','2','7','种子与坚果',NULL,15),(315,'腰果','1/2杯','70','392','12','32','28','0.9','20','种子与坚果',NULL,15),(316,'加糖椰丝','1/2杯','50','274','1','20','19','2','26','种子与坚果',NULL,15),(317,'花生酱','1/3杯','50','300','12','25','17','0.9','9','种子与坚果',NULL,15),(318,'天然花生酱','1/3杯','50','284','13','24','10','0.9','8','种子与坚果',NULL,15),(319,'花生','1/3杯','50','290','13','25','16','1.2','9','种子与坚果',NULL,15),(320,'碧根果','1/2杯','52','343','5','35','25','1.1','7','种子与坚果',NULL,15),(321,'芝麻籽','1/2杯','50','280','9','24','13','3.1','10','种子与坚果',NULL,15),(322,'葵花籽','1/2杯','50','280','12','26','7','1.9','10','种子与坚果',NULL,15),(323,'核桃','1/2杯','50','325','7','32','7','1','8','种子与坚果',NULL,15),(324,'啤酒','2杯','480','228','微量','0','0','0','8','饮品, 酒精, 饮料',NULL,16),(325,'杜松子酒','1盎司','28','70','0','0','0','0','微量','饮品, 酒精, 饮料',NULL,16),(326,'葡萄酒','1/2杯','120','164','微量','0','0','0','9','饮品, 酒精, 饮料',NULL,16),(327,'餐酒 (12.2% 酒精)','1/2杯','120','100','微量','0','0','0','5','饮品, 酒精, 饮料',NULL,16),(328,'碳酸饮料 (人工甜味剂)','12盎司','346','0','0','0','0','0','0','饮品, 酒精, 饮料',NULL,16),(329,'苏打水','12盎司','346','0','0','0','0','0','0','饮品, 酒精, 饮料',NULL,16),(330,'可乐饮料','12盎司','346','137','0','0','0','0','38','饮品, 酒精, 饮料',NULL,16),(331,'水果味苏打水','12盎司','346','161','0','0','0','0','42','饮品, 酒精, 饮料',NULL,16),(332,'姜汁汽水','12盎司','346','105','0','0','0','0','28','饮品, 酒精, 饮料',NULL,16),(333,'根汁啤酒','12盎司','346','140','0','0','0','0','35','饮品, 酒精, 饮料',NULL,16),(334,'咖啡','1杯','230','3','微量','0','0','0','1','饮品, 酒精, 饮料',NULL,16),(335,'茶','1杯','230','4','0','微量','0','0','1','饮品, 酒精, 饮料',NULL,16),(349,'test','1片','0.1','0.1','0.0','0.0','0.0',NULL,'0.0','蔬菜 (A-E)','',5);
/*!40000 ALTER TABLE `food` ENABLE KEYS */;
UNLOCK TABLES;

--
-- Table structure for table `food_category`
--

DROP TABLE IF EXISTS `food_category`;
/*!40101 SET @saved_cs_client     = @@character_set_client */;
/*!50503 SET character_set_client = utf8mb4 */;
CREATE TABLE `food_category` (
  `id` int NOT NULL AUTO_INCREMENT,
  `name` varchar(100) CHARACTER SET utf8mb4 COLLATE utf8mb4_unicode_ci NOT NULL COMMENT '分类名称',
  `description` varchar(255) CHARACTER SET utf8mb4 COLLATE utf8mb4_unicode_ci DEFAULT NULL COMMENT '分类描述',
  `color` varchar(20) CHARACTER SET utf8mb4 COLLATE utf8mb4_unicode_ci DEFAULT NULL COMMENT '分类颜色',
  `sort_order` int DEFAULT '0' COMMENT '排序顺序',
  `created_at` datetime NOT NULL DEFAULT CURRENT_TIMESTAMP COMMENT '创建时间',
  `updated_at` datetime NOT NULL DEFAULT CURRENT_TIMESTAMP ON UPDATE CURRENT_TIMESTAMP COMMENT '更新时间',
  PRIMARY KEY (`id`),
  UNIQUE KEY `uk_category_name` (`name`)
) ENGINE=InnoDB AUTO_INCREMENT=32 DEFAULT CHARSET=utf8mb4 COLLATE=utf8mb4_0900_ai_ci COMMENT='食物分类表';
/*!40101 SET character_set_client = @saved_cs_client */;

--
-- Dumping data for table `food_category`
--

LOCK TABLES `food_category` WRITE;
/*!40000 ALTER TABLE `food_category` DISABLE KEYS */;
INSERT INTO `food_category` VALUES (1,'乳制品',NULL,NULL,0,'2025-05-07 10:37:19','2025-05-07 10:37:19'),(2,'脂肪, 油脂, 起酥油',NULL,NULL,0,'2025-05-07 10:37:19','2025-05-07 10:37:19'),(3,'肉类, 家禽',NULL,NULL,0,'2025-05-07 10:37:19','2025-05-07 10:37:19'),(4,'鱼类, 海鲜',NULL,NULL,0,'2025-05-07 10:37:19','2025-05-07 10:37:19'),(5,'蔬菜 (A-E)',NULL,NULL,0,'2025-05-07 10:37:19','2025-05-07 10:37:19'),(6,'蔬菜 (F-P)',NULL,NULL,0,'2025-05-07 10:37:19','2025-05-07 10:37:19'),(7,'蔬菜 (R-Z)',NULL,NULL,0,'2025-05-07 10:37:19','2025-05-07 10:37:19'),(8,'水果 (A-F)',NULL,NULL,0,'2025-05-07 10:37:19','2025-05-07 10:37:19'),(9,'水果 (G-P)',NULL,NULL,0,'2025-05-07 10:37:19','2025-05-07 10:37:19'),(10,'水果 (R-Z)',NULL,NULL,0,'2025-05-07 10:37:19','2025-05-07 10:37:19'),(11,'面包, 谷物, 快餐, 谷类',NULL,NULL,0,'2025-05-07 10:37:19','2025-05-07 10:37:19'),(12,'汤类',NULL,NULL,0,'2025-05-07 10:37:19','2025-05-07 10:37:19'),(13,'甜点, 糖果',NULL,NULL,0,'2025-05-07 10:37:19','2025-05-07 10:37:19'),(14,'果酱, 果冻',NULL,NULL,0,'2025-05-07 10:37:19','2025-05-07 10:37:19'),(15,'种子与坚果',NULL,NULL,0,'2025-05-07 10:37:19','2025-05-07 10:37:19'),(16,'饮品, 酒精, 饮料',NULL,NULL,0,'2025-05-07 10:37:19','2025-05-07 10:37:19');
/*!40000 ALTER TABLE `food_category` ENABLE KEYS */;
UNLOCK TABLES;

--
-- Table structure for table `user`
--

DROP TABLE IF EXISTS `user`;
/*!40101 SET @saved_cs_client     = @@character_set_client */;
/*!50503 SET character_set_client = utf8mb4 */;
CREATE TABLE `user` (
  `id` bigint NOT NULL AUTO_INCREMENT,
  `username` varchar(50) NOT NULL,
  `password` varchar(100) NOT NULL,
  `email` varchar(100) NOT NULL,
  `role` varchar(20) NOT NULL DEFAULT 'USER',
  `status` tinyint(1) NOT NULL DEFAULT '1' COMMENT '1表示用户启动，0表示用户被封禁',
  `create_time` datetime NOT NULL DEFAULT CURRENT_TIMESTAMP COMMENT '创建时间',
  `openid` varchar(100) DEFAULT NULL COMMENT '微信openid，用于唯一标识用户',
  `avatar_url` varchar(255) DEFAULT NULL COMMENT '用户头像URL',
  PRIMARY KEY (`id`),
  UNIQUE KEY `username` (`username`),
  UNIQUE KEY `email` (`email`),
  UNIQUE KEY `idx_user_openid` (`openid`)
) ENGINE=InnoDB AUTO_INCREMENT=26 DEFAULT CHARSET=utf8mb4 COLLATE=utf8mb4_0900_ai_ci;
/*!40101 SET character_set_client = @saved_cs_client */;

--
-- Dumping data for table `user`
--

LOCK TABLES `user` WRITE;
/*!40000 ALTER TABLE `user` DISABLE KEYS */;
INSERT INTO `user` VALUES (3,'user1','$2a$10$LzQtjCwPnLF2EMQL0xGBhuRvCgbou.Jo22iC/BY0MU72BanG9qmee','guguyaguy@qq.com','USER',0,'2025-03-16 15:23:34',NULL,'avatar/3/d27884ffc2fb4095b5c1edcb444aa64c.jpg'),(5,'admin','$2a$10$GTomzLk4y6lZRyHXx6PiZu7vuUTpnXRXp8/t94T0DH0p.nHcds8z2','admin@example.com','ADMIN',1,'2025-03-16 15:23:34',NULL,NULL),(6,'user2','$2a$10$6XPCs/fgnQLKJK9ZFFlb../P0lmsk5yosVoh08LpUq0nptXCpKgAu','1492207699@qq.com','USER',1,'2025-03-16 15:23:34',NULL,NULL),(16,'user3','$2a$10$FgThbu19gy1j4Ra8./yU2.v9.9tL4FZGTONRl0TIHZ1lVQetb0/U6','guguyagu@qq.com','USER',1,'2025-04-03 16:07:47',NULL,NULL),(18,'user4','$2a$10$jGJBauIlLkuIYB3FTrrz.u/xGYz9lu8HRI0axWNc3IAd/z70YC.aa','guguyaguy7@qq.com','USER',0,'2025-04-03 16:08:25',NULL,NULL),(19,'user5','$2a$10$9Z3emLlOLj7dm8oIlIe9hup0YNkHBhbDedfWI.11jhn3ZJn/eh8di','guguyaguy@qq.ccm','USER',1,'2025-04-03 16:48:19',NULL,NULL),(23,'wx_d4655ce4','$2a$10$erx6ynWzYMcrmzheO6y9e.1dpK9XVgsgfk2SJ0jQOluS85DH9C5nu','oXYCm7d_dLX8Qt3lTVaxgdO-9fvY@wx.placeholder.com','USER',1,'2025-04-06 19:33:04','oXYCm7d_dLX8Qt3lTVaxgdO-9fvY','avatar/23/38b975413d204427993a80b63d4b2671.png'),(24,'user8','$2a$10$f3TnGC8RukFAyVGAARhGYO7T8ffKFv70YUR4Gqmaws3b8UEvn1gF2','guguyaguy@163.com','USER',1,'2025-04-29 19:52:59',NULL,NULL),(25,'user9','$2a$10$fG3WIU6GMjj/sYY6imcmPuVP7ZQVz3CYjjw1UTfk3LCpyitnMjUa.','guguyaguy@outlook.com','USER',1,'2025-04-29 20:47:41',NULL,NULL);
/*!40000 ALTER TABLE `user` ENABLE KEYS */;
UNLOCK TABLES;

--
-- Table structure for table `user_nutrition_goals`
--

DROP TABLE IF EXISTS `user_nutrition_goals`;
/*!40101 SET @saved_cs_client     = @@character_set_client */;
/*!50503 SET character_set_client = utf8mb4 */;
CREATE TABLE `user_nutrition_goals` (
  `id` bigint NOT NULL AUTO_INCREMENT,
  `user_id` bigint NOT NULL,
  `calorie_target` int DEFAULT NULL,
  `weight_target` decimal(5,2) DEFAULT NULL,
  `protein_target` int DEFAULT NULL,
  `carbs_target` int DEFAULT NULL,
  `fat_target` int DEFAULT NULL,
  `is_vegetarian` tinyint(1) DEFAULT '0',
  `is_low_carb` tinyint(1) DEFAULT '0',
  `is_high_protein` tinyint(1) DEFAULT '0',
  `is_gluten_free` tinyint(1) DEFAULT '0',
  `is_low_sodium` tinyint(1) DEFAULT '0',
  `created_at` timestamp NULL DEFAULT CURRENT_TIMESTAMP,
  `updated_at` timestamp NULL DEFAULT CURRENT_TIMESTAMP ON UPDATE CURRENT_TIMESTAMP,
  PRIMARY KEY (`id`)
) ENGINE=InnoDB AUTO_INCREMENT=2 DEFAULT CHARSET=utf8mb4 COLLATE=utf8mb4_0900_ai_ci;
/*!40101 SET character_set_client = @saved_cs_client */;

--
-- Dumping data for table `user_nutrition_goals`
--

LOCK TABLES `user_nutrition_goals` WRITE;
/*!40000 ALTER TABLE `user_nutrition_goals` DISABLE KEYS */;
INSERT INTO `user_nutrition_goals` VALUES (1,23,2400,46.00,88,320,90,1,1,0,1,0,'2025-04-09 00:22:12','2025-04-28 00:58:52');
/*!40000 ALTER TABLE `user_nutrition_goals` ENABLE KEYS */;
UNLOCK TABLES;
/*!40103 SET TIME_ZONE=@OLD_TIME_ZONE */;

/*!40101 SET SQL_MODE=@OLD_SQL_MODE */;
/*!40014 SET FOREIGN_KEY_CHECKS=@OLD_FOREIGN_KEY_CHECKS */;
/*!40014 SET UNIQUE_CHECKS=@OLD_UNIQUE_CHECKS */;
/*!40101 SET CHARACTER_SET_CLIENT=@OLD_CHARACTER_SET_CLIENT */;
/*!40101 SET CHARACTER_SET_RESULTS=@OLD_CHARACTER_SET_RESULTS */;
/*!40101 SET COLLATION_CONNECTION=@OLD_COLLATION_CONNECTION */;
/*!40111 SET SQL_NOTES=@OLD_SQL_NOTES */;

-- Dump completed on 2025-05-07 11:04:52
